dose;rgr
0;1.68832814
0;1.69142412
0;1.43678232
0;1.45888537
0;1.57636801
5937.5;1.76982047
5937.5;1.55776674
11875;1.70361985
11875;1.51131986
23750;1.60943791
23750;1.58902692
47500;1.38344535
47500;1.32917527
95000;1.1709029
95000;0.94353482
190000;0.46715462
190000;0.48470028
380000;0.39422868
380000;0.29389333
760000;0.09116078
760000;0.16823612
